"","genres_1","genres_2","genres_3","genres_4","genres_5","genres_6","genres_7","genres_8","genres_9","href","id","name","popularity","type","uri","external_urls.spotify","followers.href","followers.total","num_genres"
"1","pop",NA,NA,NA,NA,NA,NA,NA,NA,"https://api.spotify.com/v1/artists/04gDigrS5kc9YWfZHwBETP","04gDigrS5kc9YWfZHwBETP","Maroon 5",86,"artist","spotify:artist:04gDigrS5kc9YWfZHwBETP","https://open.spotify.com/artist/04gDigrS5kc9YWfZHwBETP",NA,42680760,1
"2","dance pop","pop",NA,NA,NA,NA,NA,NA,NA,"https://api.spotify.com/v1/artists/07YZf4WDAMNwqr4jfgOZ8y","07YZf4WDAMNwqr4jfgOZ8y","Jason Derulo",79,"artist","spotify:artist:07YZf4WDAMNwqr4jfgOZ8y","https://open.spotify.com/artist/07YZf4WDAMNwqr4jfgOZ8y",NA,12189106,2
"3","dance pop","pop",NA,NA,NA,NA,NA,NA,NA,"https://api.spotify.com/v1/artists/31TPClRtHm23RisEBtV3X7","31TPClRtHm23RisEBtV3X7","Justin Timberlake",82,"artist","spotify:artist:31TPClRtHm23RisEBtV3X7","https://open.spotify.com/artist/31TPClRtHm23RisEBtV3X7",NA,14524231,2
"4","dance pop","pop","r&b","urban contemporary",NA,NA,NA,NA,NA,"https://api.spotify.com/v1/artists/21E3waRsmPlU7jZsS13rcj","21E3waRsmPlU7jZsS13rcj","Ne-Yo",82,"artist","spotify:artist:21E3waRsmPlU7jZsS13rcj","https://open.spotify.com/artist/21E3waRsmPlU7jZsS13rcj",NA,9117438,4
"5","pop","uk pop",NA,NA,NA,NA,NA,NA,NA,"https://api.spotify.com/v1/artists/2wY79sveU1sp5g7SokKOiI","2wY79sveU1sp5g7SokKOiI","Sam Smith",84,"artist","spotify:artist:2wY79sveU1sp5g7SokKOiI","https://open.spotify.com/artist/2wY79sveU1sp5g7SokKOiI",NA,24261084,2
"6","pop","viral pop",NA,NA,NA,NA,NA,NA,NA,"https://api.spotify.com/v1/artists/6VuMaDnrHyPL1p4EHjYLi7","6VuMaDnrHyPL1p4EHjYLi7","Charlie Puth",81,"artist","spotify:artist:6VuMaDnrHyPL1p4EHjYLi7","https://open.spotify.com/artist/6VuMaDnrHyPL1p4EHjYLi7",NA,23210125,2
"7","pop",NA,NA,NA,NA,NA,NA,NA,NA,"https://api.spotify.com/v1/artists/6jJ0s89eD6GaHleKKya26X","6jJ0s89eD6GaHleKKya26X","Katy Perry",87,"artist","spotify:artist:6jJ0s89eD6GaHleKKya26X","https://open.spotify.com/artist/6jJ0s89eD6GaHleKKya26X",NA,34472212,1
"8","canadian pop","pop","viral pop",NA,NA,NA,NA,NA,NA,"https://api.spotify.com/v1/artists/7n2wHs1TKAczGzO7Dd2rGr","7n2wHs1TKAczGzO7Dd2rGr","Shawn Mendes",84,"artist","spotify:artist:7n2wHs1TKAczGzO7Dd2rGr","https://open.spotify.com/artist/7n2wHs1TKAczGzO7Dd2rGr",NA,43279208,3
"9","boy band","pop","post-teen pop","talent show",NA,NA,NA,NA,NA,"https://api.spotify.com/v1/artists/4AK6F7OLvEQ5QYCBNiQWHq","4AK6F7OLvEQ5QYCBNiQWHq","One Direction",85,"artist","spotify:artist:4AK6F7OLvEQ5QYCBNiQWHq","https://open.spotify.com/artist/4AK6F7OLvEQ5QYCBNiQWHq",NA,36469199,4
"10","british soul","pop","pop soul","uk pop",NA,NA,NA,NA,NA,"https://api.spotify.com/v1/artists/4dpARuHxo51G3z768sgnrY","4dpARuHxo51G3z768sgnrY","Adele",88,"artist","spotify:artist:4dpARuHxo51G3z768sgnrY","https://open.spotify.com/artist/4dpARuHxo51G3z768sgnrY",NA,58849594,4
"11","neo soul","pop","r&b",NA,NA,NA,NA,NA,NA,"https://api.spotify.com/v1/artists/3DiDSECUqqY1AuBP8qtaIa","3DiDSECUqqY1AuBP8qtaIa","Alicia Keys",80,"artist","spotify:artist:3DiDSECUqqY1AuBP8qtaIa","https://open.spotify.com/artist/3DiDSECUqqY1AuBP8qtaIa",NA,12079086,3
"12","barbadian pop","pop","urban contemporary",NA,NA,NA,NA,NA,NA,"https://api.spotify.com/v1/artists/5pKCCKE2ajJHZ9KAiaK11H","5pKCCKE2ajJHZ9KAiaK11H","Rihanna",91,"artist","spotify:artist:5pKCCKE2ajJHZ9KAiaK11H","https://open.spotify.com/artist/5pKCCKE2ajJHZ9KAiaK11H",NA,62783260,3
"13","pop",NA,NA,NA,NA,NA,NA,NA,NA,"https://api.spotify.com/v1/artists/66CXWjxzNUsdJxJ2JdwvnR","66CXWjxzNUsdJxJ2JdwvnR","Ariana Grande",92,"artist","spotify:artist:66CXWjxzNUsdJxJ2JdwvnR","https://open.spotify.com/artist/66CXWjxzNUsdJxJ2JdwvnR",NA,99965112,1
"14","pop","singer-songwriter pop","uk pop",NA,NA,NA,NA,NA,NA,"https://api.spotify.com/v1/artists/6eUKZXaKkcviH0Ku9w2n3V","6eUKZXaKkcviH0Ku9w2n3V","Ed Sheeran",88,"artist","spotify:artist:6eUKZXaKkcviH0Ku9w2n3V","https://open.spotify.com/artist/6eUKZXaKkcviH0Ku9w2n3V",NA,116123326,3
"15","pop","r&b",NA,NA,NA,NA,NA,NA,NA,"https://api.spotify.com/v1/artists/6vWDO969PvNqNYHIOW5v0m","6vWDO969PvNqNYHIOW5v0m","Beyonc√©",87,"artist","spotify:artist:6vWDO969PvNqNYHIOW5v0m","https://open.spotify.com/artist/6vWDO969PvNqNYHIOW5v0m",NA,38629514,2
"16","pop",NA,NA,NA,NA,NA,NA,NA,NA,"https://api.spotify.com/v1/artists/6KImCVD70vtIoJWnq6nGn3","6KImCVD70vtIoJWnq6nGn3","Harry Styles",84,"artist","spotify:artist:6KImCVD70vtIoJWnq6nGn3","https://open.spotify.com/artist/6KImCVD70vtIoJWnq6nGn3",NA,32887264,1
"17","piano rock","pop",NA,NA,NA,NA,NA,NA,NA,"https://api.spotify.com/v1/artists/5Pwc4xIPtQLFEnJriah9YJ","5Pwc4xIPtQLFEnJriah9YJ","OneRepublic",85,"artist","spotify:artist:5Pwc4xIPtQLFEnJriah9YJ","https://open.spotify.com/artist/5Pwc4xIPtQLFEnJriah9YJ",NA,17468119,2
"18","atl hip hop","contemporary r&b","dance pop","pop","r&b","rap","south carolina hip hop","urban contemporary",NA,"https://api.spotify.com/v1/artists/23zg3TcAtWQy7J6upgbUnj","23zg3TcAtWQy7J6upgbUnj","USHER",83,"artist","spotify:artist:23zg3TcAtWQy7J6upgbUnj","https://open.spotify.com/artist/23zg3TcAtWQy7J6upgbUnj",NA,12126459,8
"19","r&b","soul",NA,NA,NA,NA,NA,NA,NA,"https://api.spotify.com/v1/artists/3fMbdgg4jU18AjLCKBhRSm","3fMbdgg4jU18AjLCKBhRSm","Michael Jackson",84,"artist","spotify:artist:3fMbdgg4jU18AjLCKBhRSm","https://open.spotify.com/artist/3fMbdgg4jU18AjLCKBhRSm",NA,32560821,2
"20","acoustic pop","dance pop","neo mellow","pop",NA,NA,NA,NA,NA,"https://api.spotify.com/v1/artists/4phGZZrJZRo4ElhRtViYdl","4phGZZrJZRo4ElhRtViYdl","Jason Mraz",73,"artist","spotify:artist:4phGZZrJZRo4ElhRtViYdl","https://open.spotify.com/artist/4phGZZrJZRo4ElhRtViYdl",NA,7227029,4
"21","pop",NA,NA,NA,NA,NA,NA,NA,NA,"https://api.spotify.com/v1/artists/69GGBxA162lTqCwzJG5jLp","69GGBxA162lTqCwzJG5jLp","The Chainsmokers",82,"artist","spotify:artist:69GGBxA162lTqCwzJG5jLp","https://open.spotify.com/artist/69GGBxA162lTqCwzJG5jLp",NA,20482115,1
"22","dance pop","neo mellow","pop","pop rock",NA,NA,NA,NA,NA,"https://api.spotify.com/v1/artists/3FUY2gzHeIiaesXtOAdB7A","3FUY2gzHeIiaesXtOAdB7A","Train",76,"artist","spotify:artist:3FUY2gzHeIiaesXtOAdB7A","https://open.spotify.com/artist/3FUY2gzHeIiaesXtOAdB7A",NA,4307051,4
"23","celtic rock","pop",NA,NA,NA,NA,NA,NA,NA,"https://api.spotify.com/v1/artists/3AQRLZ9PuTAozP28Skbq8V","3AQRLZ9PuTAozP28Skbq8V","The Script",77,"artist","spotify:artist:3AQRLZ9PuTAozP28Skbq8V","https://open.spotify.com/artist/3AQRLZ9PuTAozP28Skbq8V",NA,8169412,2
"24","dance pop","miami hip hop","pop","pop rap",NA,NA,NA,NA,NA,"https://api.spotify.com/v1/artists/0jnsk9HBra6NMjO2oANoPY","0jnsk9HBra6NMjO2oANoPY","Flo Rida",80,"artist","spotify:artist:0jnsk9HBra6NMjO2oANoPY","https://open.spotify.com/artist/0jnsk9HBra6NMjO2oANoPY",NA,8639947,4
"25","dance pop","pop",NA,NA,NA,NA,NA,NA,NA,"https://api.spotify.com/v1/artists/0du5cEVh5yTK9QJze8zA0C","0du5cEVh5yTK9QJze8zA0C","Bruno Mars",93,"artist","spotify:artist:0du5cEVh5yTK9QJze8zA0C","https://open.spotify.com/artist/0du5cEVh5yTK9QJze8zA0C",NA,59407153,2
"26","modern rock","pop","rock",NA,NA,NA,NA,NA,NA,"https://api.spotify.com/v1/artists/53XhwfbYqKCa1cC15pYq2q","53XhwfbYqKCa1cC15pYq2q","Imagine Dragons",89,"artist","spotify:artist:53XhwfbYqKCa1cC15pYq2q","https://open.spotify.com/artist/53XhwfbYqKCa1cC15pYq2q",NA,54631946,3
"27","indietronica","metropopolis","pop","uk pop",NA,NA,NA,NA,NA,"https://api.spotify.com/v1/artists/0X2BH1fck6amBIoJhDVmmJ","0X2BH1fck6amBIoJhDVmmJ","Ellie Goulding",80,"artist","spotify:artist:0X2BH1fck6amBIoJhDVmmJ","https://open.spotify.com/artist/0X2BH1fck6amBIoJhDVmmJ",NA,12555855,4
"28","permanent wave","pop",NA,NA,NA,NA,NA,NA,NA,"https://api.spotify.com/v1/artists/4gzpq5DPGxSnKTe4SA8HAU","4gzpq5DPGxSnKTe4SA8HAU","Coldplay",91,"artist","spotify:artist:4gzpq5DPGxSnKTe4SA8HAU","https://open.spotify.com/artist/4gzpq5DPGxSnKTe4SA8HAU",NA,53539867,2
"29","dance pop","pop","pop rap",NA,NA,NA,NA,NA,NA,"https://api.spotify.com/v1/artists/1yxSLGMDHlW21z4YXirZDS","1yxSLGMDHlW21z4YXirZDS","Black Eyed Peas",81,"artist","spotify:artist:1yxSLGMDHlW21z4YXirZDS","https://open.spotify.com/artist/1yxSLGMDHlW21z4YXirZDS",NA,8411427,3
"30","dance pop","edm","electro house","house","pop","progressive house","uk dance",NA,NA,"https://api.spotify.com/v1/artists/7CajNmpbOovFoOoasH2HaY","7CajNmpbOovFoOoasH2HaY","Calvin Harris",87,"artist","spotify:artist:7CajNmpbOovFoOoasH2HaY","https://open.spotify.com/artist/7CajNmpbOovFoOoasH2HaY",NA,22865456,7
"31","boy band","pop",NA,NA,NA,NA,NA,NA,NA,"https://api.spotify.com/v1/artists/7gOdHgIoIKoe4i9Tta6qdD","7gOdHgIoIKoe4i9Tta6qdD","Jonas Brothers",75,"artist","spotify:artist:7gOdHgIoIKoe4i9Tta6qdD","https://open.spotify.com/artist/7gOdHgIoIKoe4i9Tta6qdD",NA,7657967,2
"32","dance pop","pop","pop rap",NA,NA,NA,NA,NA,NA,"https://api.spotify.com/v1/artists/6MF9fzBmfXghAz953czmBC","6MF9fzBmfXghAz953czmBC","Taio Cruz",70,"artist","spotify:artist:6MF9fzBmfXghAz953czmBC","https://open.spotify.com/artist/6MF9fzBmfXghAz953czmBC",NA,2240954,3
"33","dance pop","pop","pop rap","post-teen pop",NA,NA,NA,NA,NA,"https://api.spotify.com/v1/artists/4pADjHPWyrlAF0FA7joK2H","4pADjHPWyrlAF0FA7joK2H","Jay Sean",67,"artist","spotify:artist:4pADjHPWyrlAF0FA7joK2H","https://open.spotify.com/artist/4pADjHPWyrlAF0FA7joK2H",NA,1835109,4
"34","dance pop","miami hip hop","pop",NA,NA,NA,NA,NA,NA,"https://api.spotify.com/v1/artists/6S0dmVVn4udvppDhZIWxCr","6S0dmVVn4udvppDhZIWxCr","Sean Kingston",71,"artist","spotify:artist:6S0dmVVn4udvppDhZIWxCr","https://open.spotify.com/artist/6S0dmVVn4udvppDhZIWxCr",NA,3348947,3
"35","dance pop","pop",NA,NA,NA,NA,NA,NA,NA,"https://api.spotify.com/v1/artists/085pc2PYOi8bGKj0PNjekA","085pc2PYOi8bGKj0PNjekA","will.i.am",75,"artist","spotify:artist:085pc2PYOi8bGKj0PNjekA","https://open.spotify.com/artist/085pc2PYOi8bGKj0PNjekA",NA,4196716,2
"36","dance pop","pop rap","post-teen pop",NA,NA,NA,NA,NA,NA,"https://api.spotify.com/v1/artists/5tKXB9uuebKE34yowVaU3C","5tKXB9uuebKE34yowVaU3C","Iyaz",68,"artist","spotify:artist:5tKXB9uuebKE34yowVaU3C","https://open.spotify.com/artist/5tKXB9uuebKE34yowVaU3C",NA,983996,3
"37","dance pop","miami hip hop","pop",NA,NA,NA,NA,NA,NA,"https://api.spotify.com/v1/artists/0TnOYISbd1XYRBk9myaseg","0TnOYISbd1XYRBk9myaseg","Pitbull",85,"artist","spotify:artist:0TnOYISbd1XYRBk9myaseg","https://open.spotify.com/artist/0TnOYISbd1XYRBk9myaseg",NA,10785398,3
"38","dance pop","pop","pop rap",NA,NA,NA,NA,NA,NA,"https://api.spotify.com/v1/artists/5Y5TRrQiqgUO4S36tzjIRZ","5Y5TRrQiqgUO4S36tzjIRZ","Timbaland",79,"artist","spotify:artist:5Y5TRrQiqgUO4S36tzjIRZ","https://open.spotify.com/artist/5Y5TRrQiqgUO4S36tzjIRZ",NA,2951088,3
"39","dance pop","pop","pop rap",NA,NA,NA,NA,NA,NA,"https://api.spotify.com/v1/artists/3sgFRtyBnxXD5ESfmbK4dl","3sgFRtyBnxXD5ESfmbK4dl","LMFAO",67,"artist","spotify:artist:3sgFRtyBnxXD5ESfmbK4dl","https://open.spotify.com/artist/3sgFRtyBnxXD5ESfmbK4dl",NA,4196051,3
"40","dance pop","dancehall","pop","pop rap",NA,NA,NA,NA,NA,"https://api.spotify.com/v1/artists/3Isy6kedDrgPYoTS1dazA9","3Isy6kedDrgPYoTS1dazA9","Sean Paul",81,"artist","spotify:artist:3Isy6kedDrgPYoTS1dazA9","https://open.spotify.com/artist/3Isy6kedDrgPYoTS1dazA9",NA,4867116,4
"41","australian hip hop","dance pop","pop",NA,NA,NA,NA,NA,NA,"https://api.spotify.com/v1/artists/5yG7ZAZafVaAlMTeBybKAL","5yG7ZAZafVaAlMTeBybKAL","Iggy Azalea",69,"artist","spotify:artist:5yG7ZAZafVaAlMTeBybKAL","https://open.spotify.com/artist/5yG7ZAZafVaAlMTeBybKAL",NA,6601979,3
"42","atl hip hop","dance pop","pop rap","rap","southern hip hop",NA,NA,NA,NA,"https://api.spotify.com/v1/artists/5ndkK3dpZLKtBklKjxNQwT","5ndkK3dpZLKtBklKjxNQwT","B.o.B",74,"artist","spotify:artist:5ndkK3dpZLKtBklKjxNQwT","https://open.spotify.com/artist/5ndkK3dpZLKtBklKjxNQwT",NA,2077001,5
"43","dance pop","pop","urban contemporary",NA,NA,NA,NA,NA,NA,"https://api.spotify.com/v1/artists/2DlGxzQSjYe5N6G9nkYghR","2DlGxzQSjYe5N6G9nkYghR","Jennifer Lopez",77,"artist","spotify:artist:2DlGxzQSjYe5N6G9nkYghR","https://open.spotify.com/artist/2DlGxzQSjYe5N6G9nkYghR",NA,13251982,3
"44","dance pop","pop","uk pop",NA,NA,NA,NA,NA,NA,"https://api.spotify.com/v1/artists/5CCwRZC6euC8Odo6y9X8jr","5CCwRZC6euC8Odo6y9X8jr","Rita Ora",72,"artist","spotify:artist:5CCwRZC6euC8Odo6y9X8jr","https://open.spotify.com/artist/5CCwRZC6euC8Odo6y9X8jr",NA,8375485,3
"45","dance pop","gangster rap","hip hop","pop rap","r&b","rap","southern hip hop","trap","urban contemporary","https://api.spotify.com/v1/artists/3aQeKQSyrW4qWr35idm0cy","3aQeKQSyrW4qWr35idm0cy","T-Pain",79,"artist","spotify:artist:3aQeKQSyrW4qWr35idm0cy","https://open.spotify.com/artist/3aQeKQSyrW4qWr35idm0cy",NA,5014717,9
"46","dance pop","pop",NA,NA,NA,NA,NA,NA,NA,"https://api.spotify.com/v1/artists/6LqNN22kT3074XbTVUrhzX","6LqNN22kT3074XbTVUrhzX","Kesha",80,"artist","spotify:artist:6LqNN22kT3074XbTVUrhzX","https://open.spotify.com/artist/6LqNN22kT3074XbTVUrhzX",NA,8154380,2
"47","dance pop","pop",NA,NA,NA,NA,NA,NA,NA,"https://api.spotify.com/v1/artists/2RdwBSPQiwcmiDo9kixcl8","2RdwBSPQiwcmiDo9kixcl8","Pharrell Williams",81,"artist","spotify:artist:2RdwBSPQiwcmiDo9kixcl8","https://open.spotify.com/artist/2RdwBSPQiwcmiDo9kixcl8",NA,4789772,2
"48","canadian latin","canadian pop","dance pop","pop",NA,NA,NA,NA,NA,"https://api.spotify.com/v1/artists/2jw70GZXlAI8QzWeY2bgRc","2jw70GZXlAI8QzWeY2bgRc","Nelly Furtado",78,"artist","spotify:artist:2jw70GZXlAI8QzWeY2bgRc","https://open.spotify.com/artist/2jw70GZXlAI8QzWeY2bgRc",NA,4015857,4
"49","dance pop","neo soul","pop rap","r&b","urban contemporary",NA,NA,NA,NA,"https://api.spotify.com/v1/artists/0ZrpamOxcZybMHGg1AYtHP","0ZrpamOxcZybMHGg1AYtHP","Robin Thicke",64,"artist","spotify:artist:0ZrpamOxcZybMHGg1AYtHP","https://open.spotify.com/artist/0ZrpamOxcZybMHGg1AYtHP",NA,1944369,5
"50","dance pop","pop",NA,NA,NA,NA,NA,NA,NA,"https://api.spotify.com/v1/artists/1l7ZsJRRS8wlW3WfJfPfNS","1l7ZsJRRS8wlW3WfJfPfNS","Christina Aguilera",79,"artist","spotify:artist:1l7ZsJRRS8wlW3WfJfPfNS","https://open.spotify.com/artist/1l7ZsJRRS8wlW3WfJfPfNS",NA,8467658,2
"51","dance pop","pop",NA,NA,NA,NA,NA,NA,NA,"https://api.spotify.com/v1/artists/3r17AfJCCUqC9Lf0OAc73G","3r17AfJCCUqC9Lf0OAc73G","Fergie",70,"artist","spotify:artist:3r17AfJCCUqC9Lf0OAc73G","https://open.spotify.com/artist/3r17AfJCCUqC9Lf0OAc73G",NA,5778738,2
"52","dance pop","pop",NA,NA,NA,NA,NA,NA,NA,"https://api.spotify.com/v1/artists/4yiQZ8tQPux8cPriYMWUFP","4yiQZ8tQPux8cPriYMWUFP","Gwen Stefani",74,"artist","spotify:artist:4yiQZ8tQPux8cPriYMWUFP","https://open.spotify.com/artist/4yiQZ8tQPux8cPriYMWUFP",NA,6607191,2
"53","boy band","dance pop","pop",NA,NA,NA,NA,NA,NA,"https://api.spotify.com/v1/artists/6Ff53KvcvAj5U7Z1vojB5o","6Ff53KvcvAj5U7Z1vojB5o","*NSYNC",78,"artist","spotify:artist:6Ff53KvcvAj5U7Z1vojB5o","https://open.spotify.com/artist/6Ff53KvcvAj5U7Z1vojB5o",NA,2622129,3
"54","dance pop","girl group","pop",NA,NA,NA,NA,NA,NA,"https://api.spotify.com/v1/artists/6wPhSqRtPu1UhRCDX5yaDJ","6wPhSqRtPu1UhRCDX5yaDJ","The Pussycat Dolls",70,"artist","spotify:artist:6wPhSqRtPu1UhRCDX5yaDJ","https://open.spotify.com/artist/6wPhSqRtPu1UhRCDX5yaDJ",NA,5724082,3
"55","dance pop","girl group","pop","r&b","urban contemporary",NA,NA,NA,NA,"https://api.spotify.com/v1/artists/1Y8cdNmUJH7yBTd9yOvr5i","1Y8cdNmUJH7yBTd9yOvr5i","Destiny's Child",72,"artist","spotify:artist:1Y8cdNmUJH7yBTd9yOvr5i","https://open.spotify.com/artist/1Y8cdNmUJH7yBTd9yOvr5i",NA,7379617,5
"56","dance pop","hip pop","pop","r&b","urban contemporary",NA,NA,NA,NA,"https://api.spotify.com/v1/artists/2NdeV5rLm47xAvogXrYhJX","2NdeV5rLm47xAvogXrYhJX","Ciara",72,"artist","spotify:artist:2NdeV5rLm47xAvogXrYhJX","https://open.spotify.com/artist/2NdeV5rLm47xAvogXrYhJX",NA,6702924,5
"57","dance pop","hip hop","hip pop","neo soul","pop rap","r&b","rap","urban contemporary","virginia hip hop","https://api.spotify.com/v1/artists/2wIVse2owClT7go1WT98tk","2wIVse2owClT7go1WT98tk","Missy Elliott",71,"artist","spotify:artist:2wIVse2owClT7go1WT98tk","https://open.spotify.com/artist/2wIVse2owClT7go1WT98tk",NA,2534414,9
"58","dance pop","pop",NA,NA,NA,NA,NA,NA,NA,"https://api.spotify.com/v1/artists/26dSoYclwsYLMAKD3tpOr4","26dSoYclwsYLMAKD3tpOr4","Britney Spears",82,"artist","spotify:artist:26dSoYclwsYLMAKD3tpOr4","https://open.spotify.com/artist/26dSoYclwsYLMAKD3tpOr4",NA,15237177,2
"59","dance pop","r&b","southern hip hop","urban contemporary",NA,NA,NA,NA,NA,"https://api.spotify.com/v1/artists/20s0P9QLxGqKuCsGwFsp7w","20s0P9QLxGqKuCsGwFsp7w","Mario",69,"artist","spotify:artist:20s0P9QLxGqKuCsGwFsp7w","https://open.spotify.com/artist/20s0P9QLxGqKuCsGwFsp7w",NA,3509324,4
"60","dance pop","hip pop","r&b","rap","southern hip hop","trap","urban contemporary",NA,NA,"https://api.spotify.com/v1/artists/0f5nVCcR06GX8Qikz0COtT","0f5nVCcR06GX8Qikz0COtT","Omarion",61,"artist","spotify:artist:0f5nVCcR06GX8Qikz0COtT","https://open.spotify.com/artist/0f5nVCcR06GX8Qikz0COtT",NA,2940946,7
"61","dance pop","r&b","southern hip hop","trap","urban contemporary",NA,NA,NA,NA,"https://api.spotify.com/v1/artists/2iojnBLj0qIMiKPvVhLnsH","2iojnBLj0qIMiKPvVhLnsH","Trey Songz",71,"artist","spotify:artist:2iojnBLj0qIMiKPvVhLnsH","https://open.spotify.com/artist/2iojnBLj0qIMiKPvVhLnsH",NA,7455873,5
"62","dance pop","hip pop","pop rap","r&b","rap","southern hip hop","trap","urban contemporary",NA,"https://api.spotify.com/v1/artists/7352aRY2mqSxBZwzUb6LmA","7352aRY2mqSxBZwzUb6LmA","Bow Wow",60,"artist","spotify:artist:7352aRY2mqSxBZwzUb6LmA","https://open.spotify.com/artist/7352aRY2mqSxBZwzUb6LmA",NA,1491096,8
"63","dance pop","hip pop","r&b","urban contemporary",NA,NA,NA,NA,NA,"https://api.spotify.com/v1/artists/5rkVyNGXEgeUqKkB5ccK83","5rkVyNGXEgeUqKkB5ccK83","Ashanti",72,"artist","spotify:artist:5rkVyNGXEgeUqKkB5ccK83","https://open.spotify.com/artist/5rkVyNGXEgeUqKkB5ccK83",NA,3169822,4
"64","contemporary r&b","hip pop","r&b","urban contemporary",NA,NA,NA,NA,NA,"https://api.spotify.com/v1/artists/08p7B5OtcUuVblvkQIlBhJ","08p7B5OtcUuVblvkQIlBhJ","Tyrese",58,"artist","spotify:artist:08p7B5OtcUuVblvkQIlBhJ","https://open.spotify.com/artist/08p7B5OtcUuVblvkQIlBhJ",NA,2526239,4
"65","contemporary r&b","hip pop","r&b","urban contemporary",NA,NA,NA,NA,NA,"https://api.spotify.com/v1/artists/7r8RF1tN2A4CiGEplkp1oP","7r8RF1tN2A4CiGEplkp1oP","Ginuwine",66,"artist","spotify:artist:7r8RF1tN2A4CiGEplkp1oP","https://open.spotify.com/artist/7r8RF1tN2A4CiGEplkp1oP",NA,2624303,4
"66","dance pop","gangster rap","hip hop","pop rap","rap","st louis rap","urban contemporary",NA,NA,"https://api.spotify.com/v1/artists/2gBjLmx6zQnFGQJCAQpRgw","2gBjLmx6zQnFGQJCAQpRgw","Nelly",75,"artist","spotify:artist:2gBjLmx6zQnFGQJCAQpRgw","https://open.spotify.com/artist/2gBjLmx6zQnFGQJCAQpRgw",NA,3019191,7
"67","contemporary r&b","hip pop","r&b","southern hip hop","urban contemporary",NA,NA,NA,NA,"https://api.spotify.com/v1/artists/7G6hXrjGpi6I7waNl4wxAk","7G6hXrjGpi6I7waNl4wxAk","J. Holiday",52,"artist","spotify:artist:7G6hXrjGpi6I7waNl4wxAk","https://open.spotify.com/artist/7G6hXrjGpi6I7waNl4wxAk",NA,1608725,5
"68","dance pop","hip pop","r&b","urban contemporary",NA,NA,NA,NA,NA,"https://api.spotify.com/v1/artists/63wjoROpeh5f11Qm93UiJ1","63wjoROpeh5f11Qm93UiJ1","Keri Hilson",70,"artist","spotify:artist:63wjoROpeh5f11Qm93UiJ1","https://open.spotify.com/artist/63wjoROpeh5f11Qm93UiJ1",NA,2005963,4
"69","hip pop","pop rap","r&b","southern hip hop","trap","urban contemporary",NA,NA,NA,"https://api.spotify.com/v1/artists/1Xfmvd48oOhEWkscWyEbh9","1Xfmvd48oOhEWkscWyEbh9","Lloyd",67,"artist","spotify:artist:1Xfmvd48oOhEWkscWyEbh9","https://open.spotify.com/artist/1Xfmvd48oOhEWkscWyEbh9",NA,2332816,6
"70","contemporary r&b","hip pop","pop rap","r&b","southern hip hop","trap","urban contemporary",NA,NA,"https://api.spotify.com/v1/artists/7LnaAXbDVIL75IVPnndf7w","7LnaAXbDVIL75IVPnndf7w","Jamie Foxx",70,"artist","spotify:artist:7LnaAXbDVIL75IVPnndf7w","https://open.spotify.com/artist/7LnaAXbDVIL75IVPnndf7w",NA,1254135,7
"71","hip pop","r&b","urban contemporary",NA,NA,NA,NA,NA,NA,"https://api.spotify.com/v1/artists/1vfezMIyCr4XUdYRaKIKi3","1vfezMIyCr4XUdYRaKIKi3","Keyshia Cole",70,"artist","spotify:artist:1vfezMIyCr4XUdYRaKIKi3","https://open.spotify.com/artist/1vfezMIyCr4XUdYRaKIKi3",NA,3978045,3
"72","atl hip hop","dance pop","hip pop","r&b","urban contemporary",NA,NA,NA,NA,"https://api.spotify.com/v1/artists/3AuMNF8rQAKOzjYppFNAoB","3AuMNF8rQAKOzjYppFNAoB","Kelly Rowland",69,"artist","spotify:artist:3AuMNF8rQAKOzjYppFNAoB","https://open.spotify.com/artist/3AuMNF8rQAKOzjYppFNAoB",NA,3496207,5
"73","pop",NA,NA,NA,NA,NA,NA,NA,NA,"https://api.spotify.com/v1/artists/6ydoSd3N2mwgwBHtF6K7eX","6ydoSd3N2mwgwBHtF6K7eX","Calum Scott",77,"artist","spotify:artist:6ydoSd3N2mwgwBHtF6K7eX","https://open.spotify.com/artist/6ydoSd3N2mwgwBHtF6K7eX",NA,5712736,1
"74","neo soul","pop","pop soul","urban contemporary",NA,NA,NA,NA,NA,"https://api.spotify.com/v1/artists/5y2Xq6xcjJb2jVM54GHK3t","5y2Xq6xcjJb2jVM54GHK3t","John Legend",76,"artist","spotify:artist:5y2Xq6xcjJb2jVM54GHK3t","https://open.spotify.com/artist/5y2Xq6xcjJb2jVM54GHK3t",NA,6992872,4
"75","pop","uk pop",NA,NA,NA,NA,NA,NA,NA,"https://api.spotify.com/v1/artists/4GNC7GD6oZMSxPGyXy4MNB","4GNC7GD6oZMSxPGyXy4MNB","Lewis Capaldi",80,"artist","spotify:artist:4GNC7GD6oZMSxPGyXy4MNB","https://open.spotify.com/artist/4GNC7GD6oZMSxPGyXy4MNB",NA,12814309,2
"76","dance pop","pop",NA,NA,NA,NA,NA,NA,NA,"https://api.spotify.com/v1/artists/2gsggkzM5R49q6jpPvazou","2gsggkzM5R49q6jpPvazou","Jessie J",72,"artist","spotify:artist:2gsggkzM5R49q6jpPvazou","https://open.spotify.com/artist/2gsggkzM5R49q6jpPvazou",NA,11735269,2
"77","pop","talent show","uk pop",NA,NA,NA,NA,NA,NA,"https://api.spotify.com/v1/artists/4IWBUUAFIplrNtaOHcJPRM","4IWBUUAFIplrNtaOHcJPRM","James Arthur",81,"artist","spotify:artist:4IWBUUAFIplrNtaOHcJPRM","https://open.spotify.com/artist/4IWBUUAFIplrNtaOHcJPRM",NA,18511257,3
"78","pop",NA,NA,NA,NA,NA,NA,NA,NA,"https://api.spotify.com/v1/artists/5WUlDfRSoLAfcVSX1WnrxN","5WUlDfRSoLAfcVSX1WnrxN","Sia",85,"artist","spotify:artist:5WUlDfRSoLAfcVSX1WnrxN","https://open.spotify.com/artist/5WUlDfRSoLAfcVSX1WnrxN",NA,28597482,1
"79","dance pop","pop",NA,NA,NA,NA,NA,NA,NA,"https://api.spotify.com/v1/artists/64M6ah0SkkRsnPGtGiRAbb","64M6ah0SkkRsnPGtGiRAbb","Bebe Rexha",81,"artist","spotify:artist:64M6ah0SkkRsnPGtGiRAbb","https://open.spotify.com/artist/64M6ah0SkkRsnPGtGiRAbb",NA,9309500,2
"80","canadian contemporary r&b","canadian pop","pop",NA,NA,NA,NA,NA,NA,"https://api.spotify.com/v1/artists/2wUjUUtkb5lvLKcGKsKqsR","2wUjUUtkb5lvLKcGKsKqsR","Alessia Cara",73,"artist","spotify:artist:2wUjUUtkb5lvLKcGKsKqsR","https://open.spotify.com/artist/2wUjUUtkb5lvLKcGKsKqsR",NA,11825633,3
"81","pop",NA,NA,NA,NA,NA,NA,NA,NA,"https://api.spotify.com/v1/artists/5YGY8feqx7naU7z4HrwZM6","5YGY8feqx7naU7z4HrwZM6","Miley Cyrus",84,"artist","spotify:artist:5YGY8feqx7naU7z4HrwZM6","https://open.spotify.com/artist/5YGY8feqx7naU7z4HrwZM6",NA,24752449,1
"82","pop","post-teen pop",NA,NA,NA,NA,NA,NA,NA,"https://api.spotify.com/v1/artists/6S2OmqARrzebs0tKUEyXyp","6S2OmqARrzebs0tKUEyXyp","Demi Lovato",78,"artist","spotify:artist:6S2OmqARrzebs0tKUEyXyp","https://open.spotify.com/artist/6S2OmqARrzebs0tKUEyXyp",NA,26697624,2
"83","neo mellow","pop","uk pop",NA,NA,NA,NA,NA,NA,"https://api.spotify.com/v1/artists/4EzkuveR9pLvDVFNx6foYD","4EzkuveR9pLvDVFNx6foYD","James Bay",71,"artist","spotify:artist:4EzkuveR9pLvDVFNx6foYD","https://open.spotify.com/artist/4EzkuveR9pLvDVFNx6foYD",NA,4025548,3
"84","dance pop","pop",NA,NA,NA,NA,NA,NA,NA,"https://api.spotify.com/v1/artists/4Rxn7Im3LGfyRkY2FlHhWi","4Rxn7Im3LGfyRkY2FlHhWi","Nick Jonas",66,"artist","spotify:artist:4Rxn7Im3LGfyRkY2FlHhWi","https://open.spotify.com/artist/4Rxn7Im3LGfyRkY2FlHhWi",NA,10023484,2
"85","pop","pop r&b",NA,NA,NA,NA,NA,NA,NA,"https://api.spotify.com/v1/artists/6LuN9FCkKOj5PcnpouEgny","6LuN9FCkKOj5PcnpouEgny","Khalid",85,"artist","spotify:artist:6LuN9FCkKOj5PcnpouEgny","https://open.spotify.com/artist/6LuN9FCkKOj5PcnpouEgny",NA,16341852,2
"86","pop",NA,NA,NA,NA,NA,NA,NA,NA,"https://api.spotify.com/v1/artists/1zNqDE7qDGCsyzJwohVaoX","1zNqDE7qDGCsyzJwohVaoX","Anne-Marie",79,"artist","spotify:artist:1zNqDE7qDGCsyzJwohVaoX","https://open.spotify.com/artist/1zNqDE7qDGCsyzJwohVaoX",NA,12056706,1
"87","pop","uk pop",NA,NA,NA,NA,NA,NA,NA,"https://api.spotify.com/v1/artists/5ZsFI1h6hIdQRw2ti0hz81","5ZsFI1h6hIdQRw2ti0hz81","ZAYN",77,"artist","spotify:artist:5ZsFI1h6hIdQRw2ti0hz81","https://open.spotify.com/artist/5ZsFI1h6hIdQRw2ti0hz81",NA,23212633,2
"88","dance pop","pop",NA,NA,NA,NA,NA,NA,NA,"https://api.spotify.com/v1/artists/4nDoRrQiYLoBzwC5BhVJzF","4nDoRrQiYLoBzwC5BhVJzF","Camila Cabello",82,"artist","spotify:artist:4nDoRrQiYLoBzwC5BhVJzF","https://open.spotify.com/artist/4nDoRrQiYLoBzwC5BhVJzF",NA,33789109,2
"89","pop",NA,NA,NA,NA,NA,NA,NA,NA,"https://api.spotify.com/v1/artists/5JZ7CnR6gTvEMKX4g70Amv","5JZ7CnR6gTvEMKX4g70Amv","Lauv",76,"artist","spotify:artist:5JZ7CnR6gTvEMKX4g70Amv","https://open.spotify.com/artist/5JZ7CnR6gTvEMKX4g70Amv",NA,6301839,1
"90","hip pop","pop",NA,NA,NA,NA,NA,NA,NA,"https://api.spotify.com/v1/artists/6JL8zeS1NmiOftqZTRgdTz","6JL8zeS1NmiOftqZTRgdTz","Meghan Trainor",79,"artist","spotify:artist:6JL8zeS1NmiOftqZTRgdTz","https://open.spotify.com/artist/6JL8zeS1NmiOftqZTRgdTz",NA,15360664,2
"91","electropop","etherpop","indie poptimism","pop",NA,NA,NA,NA,NA,"https://api.spotify.com/v1/artists/26VFTg2z8YR0cCuwLzESi2","26VFTg2z8YR0cCuwLzESi2","Halsey",82,"artist","spotify:artist:26VFTg2z8YR0cCuwLzESi2","https://open.spotify.com/artist/26VFTg2z8YR0cCuwLzESi2",NA,21710765,4
"92","pop","uk dance","uk funky",NA,NA,NA,NA,NA,NA,"https://api.spotify.com/v1/artists/6MDME20pz9RveH9rEXvrOM","6MDME20pz9RveH9rEXvrOM","Clean Bandit",77,"artist","spotify:artist:6MDME20pz9RveH9rEXvrOM","https://open.spotify.com/artist/6MDME20pz9RveH9rEXvrOM",NA,5546583,3
"93","pop",NA,NA,NA,NA,NA,NA,NA,NA,"https://api.spotify.com/v1/artists/5p7f24Rk5HkUZsaS3BLG5F","5p7f24Rk5HkUZsaS3BLG5F","Hailee Steinfeld",68,"artist","spotify:artist:5p7f24Rk5HkUZsaS3BLG5F","https://open.spotify.com/artist/5p7f24Rk5HkUZsaS3BLG5F",NA,8816551,1
"94","girl group","pop","talent show",NA,NA,NA,NA,NA,NA,"https://api.spotify.com/v1/artists/1l8Fu6IkuTP0U5QetQJ5Xt","1l8Fu6IkuTP0U5QetQJ5Xt","Fifth Harmony",69,"artist","spotify:artist:1l8Fu6IkuTP0U5QetQJ5Xt","https://open.spotify.com/artist/1l8Fu6IkuTP0U5QetQJ5Xt",NA,16200798,3
"95","boy band","pop",NA,NA,NA,NA,NA,NA,NA,"https://api.spotify.com/v1/artists/7gAppWoH7pcYmphCVTXkzs","7gAppWoH7pcYmphCVTXkzs","The Vamps",67,"artist","spotify:artist:7gAppWoH7pcYmphCVTXkzs","https://open.spotify.com/artist/7gAppWoH7pcYmphCVTXkzs",NA,5862431,2
"96","boy band","pop",NA,NA,NA,NA,NA,NA,NA,"https://api.spotify.com/v1/artists/5Rl15oVamLq7FbSb0NNBNy","5Rl15oVamLq7FbSb0NNBNy","5 Seconds of Summer",76,"artist","spotify:artist:5Rl15oVamLq7FbSb0NNBNy","https://open.spotify.com/artist/5Rl15oVamLq7FbSb0NNBNy",NA,10037279,2
"97","pop","post-teen pop",NA,NA,NA,NA,NA,NA,NA,"https://api.spotify.com/v1/artists/0C8ZW7ezQVs4URX5aX7Kqx","0C8ZW7ezQVs4URX5aX7Kqx","Selena Gomez",82,"artist","spotify:artist:0C8ZW7ezQVs4URX5aX7Kqx","https://open.spotify.com/artist/0C8ZW7ezQVs4URX5aX7Kqx",NA,50761808,2
"98","pop","scandipop","swedish electropop","swedish pop",NA,NA,NA,NA,NA,"https://api.spotify.com/v1/artists/1Xylc3o4UrD53lo9CvFvVg","1Xylc3o4UrD53lo9CvFvVg","Zara Larsson",77,"artist","spotify:artist:1Xylc3o4UrD53lo9CvFvVg","https://open.spotify.com/artist/1Xylc3o4UrD53lo9CvFvVg",NA,10550865,4
"99","art pop","dance pop","pop",NA,NA,NA,NA,NA,NA,"https://api.spotify.com/v1/artists/1HY2Jd0NmPuamShAr6KMms","1HY2Jd0NmPuamShAr6KMms","Lady Gaga",90,"artist","spotify:artist:1HY2Jd0NmPuamShAr6KMms","https://open.spotify.com/artist/1HY2Jd0NmPuamShAr6KMms",NA,31670611,3
"100","canadian pop","candy pop","dance pop","pop",NA,NA,NA,NA,NA,"https://api.spotify.com/v1/artists/0p4nmQO2msCgU4IF37Wi3j","0p4nmQO2msCgU4IF37Wi3j","Avril Lavigne",78,"artist","spotify:artist:0p4nmQO2msCgU4IF37Wi3j","https://open.spotify.com/artist/0p4nmQO2msCgU4IF37Wi3j",NA,11275783,4
"101","dance pop","pop","talent show",NA,NA,NA,NA,NA,NA,"https://api.spotify.com/v1/artists/3BmGtnKgCSGYIUhmivXKWX","3BmGtnKgCSGYIUhmivXKWX","Kelly Clarkson",74,"artist","spotify:artist:3BmGtnKgCSGYIUhmivXKWX","https://open.spotify.com/artist/3BmGtnKgCSGYIUhmivXKWX",NA,10569825,3
"102","dance pop","pop",NA,NA,NA,NA,NA,NA,NA,"https://api.spotify.com/v1/artists/1KCSPY1glIKqW2TotWuXOR","1KCSPY1glIKqW2TotWuXOR","P!nk",82,"artist","spotify:artist:1KCSPY1glIKqW2TotWuXOR","https://open.spotify.com/artist/1KCSPY1glIKqW2TotWuXOR",NA,17122826,2
"103","girl group","pop","talent show","uk pop",NA,NA,NA,NA,NA,"https://api.spotify.com/v1/artists/3e7awlrlDSwF3iM0WBjGMp","3e7awlrlDSwF3iM0WBjGMp","Little Mix",74,"artist","spotify:artist:3e7awlrlDSwF3iM0WBjGMp","https://open.spotify.com/artist/3e7awlrlDSwF3iM0WBjGMp",NA,12025922,4
"104","dance pop","pop","uk pop",NA,NA,NA,NA,NA,NA,"https://api.spotify.com/v1/artists/6M2wZ9GZgrQXHCFfjv46we","6M2wZ9GZgrQXHCFfjv46we","Dua Lipa",88,"artist","spotify:artist:6M2wZ9GZgrQXHCFfjv46we","https://open.spotify.com/artist/6M2wZ9GZgrQXHCFfjv46we",NA,44712376,3
"105","pop",NA,NA,NA,NA,NA,NA,NA,NA,"https://api.spotify.com/v1/artists/1Hsdzj7Dlq2I7tHP7501T4","1Hsdzj7Dlq2I7tHP7501T4","Niall Horan",76,"artist","spotify:artist:1Hsdzj7Dlq2I7tHP7501T4","https://open.spotify.com/artist/1Hsdzj7Dlq2I7tHP7501T4",NA,9915269,1
"106","pop",NA,NA,NA,NA,NA,NA,NA,NA,"https://api.spotify.com/v1/artists/5pUo3fmmHT8bhCyHE52hA6","5pUo3fmmHT8bhCyHE52hA6","Liam Payne",62,"artist","spotify:artist:5pUo3fmmHT8bhCyHE52hA6","https://open.spotify.com/artist/5pUo3fmmHT8bhCyHE52hA6",NA,10009332,1
"107","pop",NA,NA,NA,NA,NA,NA,NA,NA,"https://api.spotify.com/v1/artists/57WHJIHrjOE3iAxpihhMnp","57WHJIHrjOE3iAxpihhMnp","Louis Tomlinson",64,"artist","spotify:artist:57WHJIHrjOE3iAxpihhMnp","https://open.spotify.com/artist/57WHJIHrjOE3iAxpihhMnp",NA,7071582,1
"108","canadian pop","pop",NA,NA,NA,NA,NA,NA,NA,"https://api.spotify.com/v1/artists/1uNFoZAHBGtllmzznpCI3s","1uNFoZAHBGtllmzznpCI3s","Justin Bieber",90,"artist","spotify:artist:1uNFoZAHBGtllmzznpCI3s","https://open.spotify.com/artist/1uNFoZAHBGtllmzznpCI3s",NA,77445880,2
"109","dance pop","hip pop","neo soul","r&b","urban contemporary",NA,NA,NA,NA,"https://api.spotify.com/v1/artists/1XkoF8ryArs86LZvFOkbyr","1XkoF8ryArs86LZvFOkbyr","Mary J. Blige",72,"artist","spotify:artist:1XkoF8ryArs86LZvFOkbyr","https://open.spotify.com/artist/1XkoF8ryArs86LZvFOkbyr",NA,3932494,5
"110","dance pop","r&b","urban contemporary",NA,NA,NA,NA,NA,NA,"https://api.spotify.com/v1/artists/35GL8Cu2GKTcHzKGi75xl5","35GL8Cu2GKTcHzKGi75xl5","Jennifer Hudson",56,"artist","spotify:artist:35GL8Cu2GKTcHzKGi75xl5","https://open.spotify.com/artist/35GL8Cu2GKTcHzKGi75xl5",NA,1996202,3
"111","contemporary r&b","dance pop","hip pop","r&b","urban contemporary",NA,NA,NA,NA,"https://api.spotify.com/v1/artists/0urTpYCsixqZwgNTkPJOJ4","0urTpYCsixqZwgNTkPJOJ4","Aaliyah",68,"artist","spotify:artist:0urTpYCsixqZwgNTkPJOJ4","https://open.spotify.com/artist/0urTpYCsixqZwgNTkPJOJ4",NA,4467213,5
"112","atl hip hop","contemporary r&b","dance pop","girl group","hip pop","r&b","urban contemporary",NA,NA,"https://api.spotify.com/v1/artists/0TImkz4nPqjegtVSMZnMRq","0TImkz4nPqjegtVSMZnMRq","TLC",71,"artist","spotify:artist:0TImkz4nPqjegtVSMZnMRq","https://open.spotify.com/artist/0TImkz4nPqjegtVSMZnMRq",NA,4087153,7
"113","contemporary r&b","dance pop","r&b","urban contemporary",NA,NA,NA,NA,NA,"https://api.spotify.com/v1/artists/3X458ddYA2YcVWuVIGGOYe","3X458ddYA2YcVWuVIGGOYe","Toni Braxton",64,"artist","spotify:artist:3X458ddYA2YcVWuVIGGOYe","https://open.spotify.com/artist/3X458ddYA2YcVWuVIGGOYe",NA,4214096,4
"114","contemporary r&b","dance pop","hip pop","r&b","urban contemporary",NA,NA,NA,NA,"https://api.spotify.com/v1/artists/05oH07COxkXKIMt6mIPRee","05oH07COxkXKIMt6mIPRee","Brandy",69,"artist","spotify:artist:05oH07COxkXKIMt6mIPRee","https://open.spotify.com/artist/05oH07COxkXKIMt6mIPRee",NA,3712161,5
"115","british soul","dance pop","pop","talent show",NA,NA,NA,NA,NA,"https://api.spotify.com/v1/artists/5lKZWd6HiSCLfnDGrq9RAm","5lKZWd6HiSCLfnDGrq9RAm","Leona Lewis",65,"artist","spotify:artist:5lKZWd6HiSCLfnDGrq9RAm","https://open.spotify.com/artist/5lKZWd6HiSCLfnDGrq9RAm",NA,3583388,4
"116","dance pop","r&b","urban contemporary",NA,NA,NA,NA,NA,NA,"https://api.spotify.com/v1/artists/4qwGe91Bz9K2T8jXTZ815W","4qwGe91Bz9K2T8jXTZ815W","Janet Jackson",66,"artist","spotify:artist:4qwGe91Bz9K2T8jXTZ815W","https://open.spotify.com/artist/4qwGe91Bz9K2T8jXTZ815W",NA,3967803,3
"117","hip pop","pop","queens hip hop","rap",NA,NA,NA,NA,NA,"https://api.spotify.com/v1/artists/0hCNtLu0JehylgoiP8L4Gh","0hCNtLu0JehylgoiP8L4Gh","Nicki Minaj",86,"artist","spotify:artist:0hCNtLu0JehylgoiP8L4Gh","https://open.spotify.com/artist/0hCNtLu0JehylgoiP8L4Gh",NA,32355557,4
"118","pop","rap",NA,NA,NA,NA,NA,NA,NA,"https://api.spotify.com/v1/artists/4kYSro6naA4h99UJvo89HB","4kYSro6naA4h99UJvo89HB","Cardi B",80,"artist","spotify:artist:4kYSro6naA4h99UJvo89HB","https://open.spotify.com/artist/4kYSro6naA4h99UJvo89HB",NA,24454260,2
"119","dance pop","pop",NA,NA,NA,NA,NA,NA,NA,"https://api.spotify.com/v1/artists/5cj0lLjcoR7YOSnhnX0Po5","5cj0lLjcoR7YOSnhnX0Po5","Doja Cat",86,"artist","spotify:artist:5cj0lLjcoR7YOSnhnX0Po5","https://open.spotify.com/artist/5cj0lLjcoR7YOSnhnX0Po5",NA,31351613,2
"120","pop",NA,NA,NA,NA,NA,NA,NA,NA,"https://api.spotify.com/v1/artists/74KM79TiuVKeVCqs8QtB0B","74KM79TiuVKeVCqs8QtB0B","Sabrina Carpenter",95,"artist","spotify:artist:74KM79TiuVKeVCqs8QtB0B","https://open.spotify.com/artist/74KM79TiuVKeVCqs8QtB0B",NA,12835441,1
"121","pop",NA,NA,NA,NA,NA,NA,NA,NA,"https://api.spotify.com/v1/artists/1McMsnEElThX1knmY4oliG","1McMsnEElThX1knmY4oliG","Olivia Rodrigo",88,"artist","spotify:artist:1McMsnEElThX1knmY4oliG","https://open.spotify.com/artist/1McMsnEElThX1knmY4oliG",NA,39894487,1
"122","art pop","pop",NA,NA,NA,NA,NA,NA,NA,"https://api.spotify.com/v1/artists/6qqNVTkY8uBg9cP3Jd7DAH","6qqNVTkY8uBg9cP3Jd7DAH","Billie Eilish",95,"artist","spotify:artist:6qqNVTkY8uBg9cP3Jd7DAH","https://open.spotify.com/artist/6qqNVTkY8uBg9cP3Jd7DAH",NA,99845361,2
"123","houston rap","pop","rap","trap queen",NA,NA,NA,NA,NA,"https://api.spotify.com/v1/artists/181bsRPaVXVlUKXrxwZfHK","181bsRPaVXVlUKXrxwZfHK","Megan Thee Stallion",84,"artist","spotify:artist:181bsRPaVXVlUKXrxwZfHK","https://open.spotify.com/artist/181bsRPaVXVlUKXrxwZfHK",NA,9781543,4
"124",NA,NA,NA,NA,NA,NA,NA,NA,NA,"https://api.spotify.com/v1/artists/4fpTMHe34LC5t3h5ztK8qu","4fpTMHe34LC5t3h5ztK8qu","The Carters",53,"artist","spotify:artist:4fpTMHe34LC5t3h5ztK8qu","https://open.spotify.com/artist/4fpTMHe34LC5t3h5ztK8qu",NA,1623252,0
"125","dance pop","pop","urban contemporary",NA,NA,NA,NA,NA,NA,"https://api.spotify.com/v1/artists/4iHNK0tOyZPYnBU7nGAgpQ","4iHNK0tOyZPYnBU7nGAgpQ","Mariah Carey",79,"artist","spotify:artist:4iHNK0tOyZPYnBU7nGAgpQ","https://open.spotify.com/artist/4iHNK0tOyZPYnBU7nGAgpQ",NA,10410774,3
"126","bedroom pop","pop","pov: indie",NA,NA,NA,NA,NA,NA,"https://api.spotify.com/v1/artists/4Uc8Dsxct0oMqx0P6i60ea","4Uc8Dsxct0oMqx0P6i60ea","Conan Gray",79,"artist","spotify:artist:4Uc8Dsxct0oMqx0P6i60ea","https://open.spotify.com/artist/4Uc8Dsxct0oMqx0P6i60ea",NA,10107155,3
"127","australian pop","pop","viral pop",NA,NA,NA,NA,NA,NA,"https://api.spotify.com/v1/artists/3WGpXCj9YhhfX11TToZcXP","3WGpXCj9YhhfX11TToZcXP","Troye Sivan",79,"artist","spotify:artist:3WGpXCj9YhhfX11TToZcXP","https://open.spotify.com/artist/3WGpXCj9YhhfX11TToZcXP",NA,8337587,3
"128","neo mellow","piano rock","pop","pop rock",NA,NA,NA,NA,NA,"https://api.spotify.com/v1/artists/0zOcE3mg9nS6l3yxt1Y0bK","0zOcE3mg9nS6l3yxt1Y0bK","The Fray",71,"artist","spotify:artist:0zOcE3mg9nS6l3yxt1Y0bK","https://open.spotify.com/artist/0zOcE3mg9nS6l3yxt1Y0bK",NA,4054977,4
"129","metropopolis","modern rock","pop",NA,NA,NA,NA,NA,NA,"https://api.spotify.com/v1/artists/7EQ0qTo7fWT7DPxmxtSYEc","7EQ0qTo7fWT7DPxmxtSYEc","Bastille",75,"artist","spotify:artist:7EQ0qTo7fWT7DPxmxtSYEc","https://open.spotify.com/artist/7EQ0qTo7fWT7DPxmxtSYEc",NA,5561323,3
"130","modern alternative rock","modern rock","stomp pop",NA,NA,NA,NA,NA,NA,"https://api.spotify.com/v1/artists/3NPpFNZtSTHheNBaWC82rB","3NPpFNZtSTHheNBaWC82rB","X Ambassadors",72,"artist","spotify:artist:3NPpFNZtSTHheNBaWC82rB","https://open.spotify.com/artist/3NPpFNZtSTHheNBaWC82rB",NA,3027751,3
"131","modern rock","pop rock",NA,NA,NA,NA,NA,NA,NA,"https://api.spotify.com/v1/artists/0MlOPi3zIDMVrfA9R04Fe3","0MlOPi3zIDMVrfA9R04Fe3","American Authors",65,"artist","spotify:artist:0MlOPi3zIDMVrfA9R04Fe3","https://open.spotify.com/artist/0MlOPi3zIDMVrfA9R04Fe3",NA,1568669,2
"132","folk-pop","neo mellow","pop rock",NA,NA,NA,NA,NA,NA,"https://api.spotify.com/v1/artists/6p5JxpTc7USNnBnLzctyd4","6p5JxpTc7USNnBnLzctyd4","Phillip Phillips",61,"artist","spotify:artist:6p5JxpTc7USNnBnLzctyd4","https://open.spotify.com/artist/6p5JxpTc7USNnBnLzctyd4",NA,1121892,3
"133","neo mellow","pop rock","post-grunge",NA,NA,NA,NA,NA,NA,"https://api.spotify.com/v1/artists/5PokPZn11xzZXyXSfnvIM3","5PokPZn11xzZXyXSfnvIM3","Lifehouse",65,"artist","spotify:artist:5PokPZn11xzZXyXSfnvIM3","https://open.spotify.com/artist/5PokPZn11xzZXyXSfnvIM3",NA,2037728,3
"134","modern rock","pop","pov: indie","rock",NA,NA,NA,NA,NA,"https://api.spotify.com/v1/artists/3YQKmKGau1PzlVlkL1iodx","3YQKmKGau1PzlVlkL1iodx","Twenty One Pilots",83,"artist","spotify:artist:3YQKmKGau1PzlVlkL1iodx","https://open.spotify.com/artist/3YQKmKGau1PzlVlkL1iodx",NA,24683130,4
"135","complextro","edm","german techno","pop","pop dance",NA,NA,NA,NA,"https://api.spotify.com/v1/artists/2qxJFvFYMEDqd7ui6kSAcq","2qxJFvFYMEDqd7ui6kSAcq","Zedd",76,"artist","spotify:artist:2qxJFvFYMEDqd7ui6kSAcq","https://open.spotify.com/artist/2qxJFvFYMEDqd7ui6kSAcq",NA,5958717,5
"136","edm","pop","pop dance","tropical house",NA,NA,NA,NA,NA,"https://api.spotify.com/v1/artists/23fqKkggKUBHNkbKtXEls4","23fqKkggKUBHNkbKtXEls4","Kygo",81,"artist","spotify:artist:23fqKkggKUBHNkbKtXEls4","https://open.spotify.com/artist/23fqKkggKUBHNkbKtXEls4",NA,8447302,4
"137","dance pop","edm","pop","pop dance",NA,NA,NA,NA,NA,"https://api.spotify.com/v1/artists/1vCWHaC5f2uS3yhpwWbIA6","1vCWHaC5f2uS3yhpwWbIA6","Avicii",82,"artist","spotify:artist:1vCWHaC5f2uS3yhpwWbIA6","https://open.spotify.com/artist/1vCWHaC5f2uS3yhpwWbIA6",NA,23039040,4
"138","atl hip hop","contemporary r&b","r&b","urban contemporary",NA,NA,NA,NA,NA,"https://api.spotify.com/v1/artists/7Aq8lpLMSt1Zxu56pe9bmp","7Aq8lpLMSt1Zxu56pe9bmp","Jagged Edge",62,"artist","spotify:artist:7Aq8lpLMSt1Zxu56pe9bmp","https://open.spotify.com/artist/7Aq8lpLMSt1Zxu56pe9bmp",NA,2142883,4
"139","atl hip hop","boy band","contemporary r&b","hip pop","r&b","urban contemporary",NA,NA,NA,"https://api.spotify.com/v1/artists/7urq0VfqxEYEEiZUkebXT4","7urq0VfqxEYEEiZUkebXT4","112",67,"artist","spotify:artist:7urq0VfqxEYEEiZUkebXT4","https://open.spotify.com/artist/7urq0VfqxEYEEiZUkebXT4",NA,1216401,6
"140","contemporary r&b","r&b","urban contemporary",NA,NA,NA,NA,NA,NA,"https://api.spotify.com/v1/artists/3zTOe1BtyTkwNvYZOxXktX","3zTOe1BtyTkwNvYZOxXktX","Joe",66,"artist","spotify:artist:3zTOe1BtyTkwNvYZOxXktX","https://open.spotify.com/artist/3zTOe1BtyTkwNvYZOxXktX",NA,1945647,3
"141","atl hip hop","dance pop","dirty south rap","hip hop","old school atlanta hip hop","pop rap","rap","southern hip hop","trap","https://api.spotify.com/v1/artists/3ipn9JLAPI5GUEo4y4jcoi","3ipn9JLAPI5GUEo4y4jcoi","Ludacris",78,"artist","spotify:artist:3ipn9JLAPI5GUEo4y4jcoi","https://open.spotify.com/artist/3ipn9JLAPI5GUEo4y4jcoi",NA,3089596,9
"142","contemporary r&b","r&b","urban contemporary",NA,NA,NA,NA,NA,NA,"https://api.spotify.com/v1/artists/05RZIdfz59ZW2FvFuwnmNK","05RZIdfz59ZW2FvFuwnmNK","K-Ci & JoJo",60,"artist","spotify:artist:05RZIdfz59ZW2FvFuwnmNK","https://open.spotify.com/artist/05RZIdfz59ZW2FvFuwnmNK",NA,1737108,3
"143","boy band","contemporary r&b","new jack swing","r&b","urban contemporary",NA,NA,NA,NA,"https://api.spotify.com/v1/artists/6O74knDqdv3XaWtkII7Xjp","6O74knDqdv3XaWtkII7Xjp","Boyz II Men",68,"artist","spotify:artist:6O74knDqdv3XaWtkII7Xjp","https://open.spotify.com/artist/6O74knDqdv3XaWtkII7Xjp",NA,3174864,5
"144","atl hip hop","dirty south rap","gangster rap","hip hop","pop rap","rap","southern hip hop","trap",NA,"https://api.spotify.com/v1/artists/4OBJLual30L7gRl5UkeRcT","4OBJLual30L7gRl5UkeRcT","T.I.",75,"artist","spotify:artist:4OBJLual30L7gRl5UkeRcT","https://open.spotify.com/artist/4OBJLual30L7gRl5UkeRcT",NA,4844921,8
"145","disco","motown",NA,NA,NA,NA,NA,NA,NA,"https://api.spotify.com/v1/artists/2yrbLiuBmc9j81lTX3XUuI","2yrbLiuBmc9j81lTX3XUuI","The Jacksons",60,"artist","spotify:artist:2yrbLiuBmc9j81lTX3XUuI","https://open.spotify.com/artist/2yrbLiuBmc9j81lTX3XUuI",NA,1859918,2
"146","funk","funk rock","minneapolis sound","rock","synth funk",NA,NA,NA,NA,"https://api.spotify.com/v1/artists/5a2EaR3hamoenG9rDuVn8j","5a2EaR3hamoenG9rDuVn8j","Prince",71,"artist","spotify:artist:5a2EaR3hamoenG9rDuVn8j","https://open.spotify.com/artist/5a2EaR3hamoenG9rDuVn8j",NA,7459476,5
"147","new romantic","new wave","new wave pop","soft rock",NA,NA,NA,NA,NA,"https://api.spotify.com/v1/artists/5lpH0xAS4fVfLkACg9DAuM","5lpH0xAS4fVfLkACg9DAuM","Wham!",70,"artist","spotify:artist:5lpH0xAS4fVfLkACg9DAuM","https://open.spotify.com/artist/5lpH0xAS4fVfLkACg9DAuM",NA,2795210,4
"148","new wave pop","soft rock",NA,NA,NA,NA,NA,NA,NA,"https://api.spotify.com/v1/artists/19ra5tSw0tWufvUp8GotLo","19ra5tSw0tWufvUp8GotLo","George Michael",74,"artist","spotify:artist:19ra5tSw0tWufvUp8GotLo","https://open.spotify.com/artist/19ra5tSw0tWufvUp8GotLo",NA,4963974,2
"149","motown","soul",NA,NA,NA,NA,NA,NA,NA,"https://api.spotify.com/v1/artists/2iE18Oxc8YSumAU232n4rW","2iE18Oxc8YSumAU232n4rW","The Jackson 5",66,"artist","spotify:artist:2iE18Oxc8YSumAU232n4rW","https://open.spotify.com/artist/2iE18Oxc8YSumAU232n4rW",NA,1610119,2
"150","dance pop","pop",NA,NA,NA,NA,NA,NA,NA,"https://api.spotify.com/v1/artists/6tbjWDEIzxoDsBA1FuhfPW","6tbjWDEIzxoDsBA1FuhfPW","Madonna",81,"artist","spotify:artist:6tbjWDEIzxoDsBA1FuhfPW","https://open.spotify.com/artist/6tbjWDEIzxoDsBA1FuhfPW",NA,8091156,2
"151","disco","funk","motown","soft rock","soul",NA,NA,NA,NA,"https://api.spotify.com/v1/artists/3VNITwohbvU5Wuy5PC6dsI","3VNITwohbvU5Wuy5PC6dsI","Kool & The Gang",68,"artist","spotify:artist:3VNITwohbvU5Wuy5PC6dsI","https://open.spotify.com/artist/3VNITwohbvU5Wuy5PC6dsI",NA,2543328,5
"152","classic rock","glam rock","rock",NA,NA,NA,NA,NA,NA,"https://api.spotify.com/v1/artists/1dfeR4HaWDbWqFHLkxsg1d","1dfeR4HaWDbWqFHLkxsg1d","Queen",86,"artist","spotify:artist:1dfeR4HaWDbWqFHLkxsg1d","https://open.spotify.com/artist/1dfeR4HaWDbWqFHLkxsg1d",NA,51327794,3
"153","dance pop","pop",NA,NA,NA,NA,NA,NA,NA,"https://api.spotify.com/v1/artists/6XpaIBNiVzIetEPCWDvAFP","6XpaIBNiVzIetEPCWDvAFP","Whitney Houston",77,"artist","spotify:artist:6XpaIBNiVzIetEPCWDvAFP","https://open.spotify.com/artist/6XpaIBNiVzIetEPCWDvAFP",NA,10454301,2
"154","motown","soul",NA,NA,NA,NA,NA,NA,NA,"https://api.spotify.com/v1/artists/7guDJrEfX3qb6FEbdPA5qi","7guDJrEfX3qb6FEbdPA5qi","Stevie Wonder",76,"artist","spotify:artist:7guDJrEfX3qb6FEbdPA5qi","https://open.spotify.com/artist/7guDJrEfX3qb6FEbdPA5qi",NA,6588176,2
"155","glam rock","mellow gold","piano rock","rock",NA,NA,NA,NA,NA,"https://api.spotify.com/v1/artists/3PhoLpVuITZKcymswpck5b","3PhoLpVuITZKcymswpck5b","Elton John",83,"artist","spotify:artist:3PhoLpVuITZKcymswpck5b","https://open.spotify.com/artist/3PhoLpVuITZKcymswpck5b",NA,13804976,4
"156","soft rock",NA,NA,NA,NA,NA,NA,NA,NA,"https://api.spotify.com/v1/artists/1zuJe6b1roixEKMOtyrEak","1zuJe6b1roixEKMOtyrEak","Tina Turner",70,"artist","spotify:artist:1zuJe6b1roixEKMOtyrEak","https://open.spotify.com/artist/1zuJe6b1roixEKMOtyrEak",NA,4237833,1
"157","disco","funk","jazz funk","motown","soul",NA,NA,NA,NA,"https://api.spotify.com/v1/artists/4QQgXkCYTt3BlENzhyNETg","4QQgXkCYTt3BlENzhyNETg","Earth, Wind & Fire",76,"artist","spotify:artist:4QQgXkCYTt3BlENzhyNETg","https://open.spotify.com/artist/4QQgXkCYTt3BlENzhyNETg",NA,4448771,5
"158","british invasion","classic rock","merseybeat","psychedelic rock","rock",NA,NA,NA,NA,"https://api.spotify.com/v1/artists/3WrFJ7ztbogyGnTHbHJFl2","3WrFJ7ztbogyGnTHbHJFl2","The Beatles",86,"artist","spotify:artist:3WrFJ7ztbogyGnTHbHJFl2","https://open.spotify.com/artist/3WrFJ7ztbogyGnTHbHJFl2",NA,28403131,5
"159","rock-and-roll","rockabilly",NA,NA,NA,NA,NA,NA,NA,"https://api.spotify.com/v1/artists/43ZHCT0cAZBISjO8DG9PnE","43ZHCT0cAZBISjO8DG9PnE","Elvis Presley",79,"artist","spotify:artist:43ZHCT0cAZBISjO8DG9PnE","https://open.spotify.com/artist/43ZHCT0cAZBISjO8DG9PnE",NA,9868528,2
"160","album rock","classic rock","hard rock","rock",NA,NA,NA,NA,NA,"https://api.spotify.com/v1/artists/7Ey4PD4MYsKc5I2dolUwbH","7Ey4PD4MYsKc5I2dolUwbH","Aerosmith",76,"artist","spotify:artist:7Ey4PD4MYsKc5I2dolUwbH","https://open.spotify.com/artist/7Ey4PD4MYsKc5I2dolUwbH",NA,14607776,4
"161","disco","soft rock",NA,NA,NA,NA,NA,NA,NA,"https://api.spotify.com/v1/artists/3gMaNLQm7D9MornNILzdSl","3gMaNLQm7D9MornNILzdSl","Lionel Richie",71,"artist","spotify:artist:3gMaNLQm7D9MornNILzdSl","https://open.spotify.com/artist/3gMaNLQm7D9MornNILzdSl",NA,3792544,2
"162","glam metal","rock",NA,NA,NA,NA,NA,NA,NA,"https://api.spotify.com/v1/artists/58lV9VcRSjABbAbfWS6skp","58lV9VcRSjABbAbfWS6skp","Bon Jovi",80,"artist","spotify:artist:58lV9VcRSjABbAbfWS6skp","https://open.spotify.com/artist/58lV9VcRSjABbAbfWS6skp",NA,13877367,2
"163","dance pop","neo mellow","pop",NA,NA,NA,NA,NA,NA,"https://api.spotify.com/v1/artists/6aZyMrc4doVtZyKNilOmwu","6aZyMrc4doVtZyKNilOmwu","Colbie Caillat",67,"artist","spotify:artist:6aZyMrc4doVtZyKNilOmwu","https://open.spotify.com/artist/6aZyMrc4doVtZyKNilOmwu",NA,2515374,3
"164","neo mellow",NA,NA,NA,NA,NA,NA,NA,NA,"https://api.spotify.com/v1/artists/3LpLGlgRS1IKPPwElnpW35","3LpLGlgRS1IKPPwElnpW35","James Morrison",63,"artist","spotify:artist:3LpLGlgRS1IKPPwElnpW35","https://open.spotify.com/artist/3LpLGlgRS1IKPPwElnpW35",NA,1535761,1
"165","neo mellow","pop rock",NA,NA,NA,NA,NA,NA,NA,"https://api.spotify.com/v1/artists/5DYAABs8rkY9VhwtENoQCz","5DYAABs8rkY9VhwtENoQCz","Gavin DeGraw",61,"artist","spotify:artist:5DYAABs8rkY9VhwtENoQCz","https://open.spotify.com/artist/5DYAABs8rkY9VhwtENoQCz",NA,1267112,2
"166","neo mellow","singer-songwriter",NA,NA,NA,NA,NA,NA,NA,"https://api.spotify.com/v1/artists/0hEurMDQu99nJRq8pTxO14","0hEurMDQu99nJRq8pTxO14","John Mayer",78,"artist","spotify:artist:0hEurMDQu99nJRq8pTxO14","https://open.spotify.com/artist/0hEurMDQu99nJRq8pTxO14",NA,6045362,2
"167","acoustic pop","lilith","neo mellow","pop rock","post-teen pop",NA,NA,NA,NA,"https://api.spotify.com/v1/artists/2Sqr0DXoaYABbjBo9HaMkM","2Sqr0DXoaYABbjBo9HaMkM","Sara Bareilles",65,"artist","spotify:artist:2Sqr0DXoaYABbjBo9HaMkM","https://open.spotify.com/artist/2Sqr0DXoaYABbjBo9HaMkM",NA,1947630,5
"168","neo mellow",NA,NA,NA,NA,NA,NA,NA,NA,"https://api.spotify.com/v1/artists/7KMqksf0UMdyA0UCf4R3ux","7KMqksf0UMdyA0UCf4R3ux","James Blunt",71,"artist","spotify:artist:7KMqksf0UMdyA0UCf4R3ux","https://open.spotify.com/artist/7KMqksf0UMdyA0UCf4R3ux",NA,3023320,1
"169","neo mellow","piano rock","pop rock",NA,NA,NA,NA,NA,NA,"https://api.spotify.com/v1/artists/7FgMLbnZVrEnir95O0YujA","7FgMLbnZVrEnir95O0YujA","Five For Fighting",57,"artist","spotify:artist:7FgMLbnZVrEnir95O0YujA","https://open.spotify.com/artist/7FgMLbnZVrEnir95O0YujA",NA,863212,3
"170","pop",NA,NA,NA,NA,NA,NA,NA,NA,"https://api.spotify.com/v1/artists/7H55rcKCfwqkyDFH9wpKM6","7H55rcKCfwqkyDFH9wpKM6","Christina Perri",72,"artist","spotify:artist:7H55rcKCfwqkyDFH9wpKM6","https://open.spotify.com/artist/7H55rcKCfwqkyDFH9wpKM6",NA,3878689,1
"171","modern rock","neo mellow","neon pop punk","pop punk","pop rock",NA,NA,NA,NA,"https://api.spotify.com/v1/artists/1g1yxsNVPhMUl9GrMjEb2o","1g1yxsNVPhMUl9GrMjEb2o","Plain White T's",64,"artist","spotify:artist:1g1yxsNVPhMUl9GrMjEb2o","https://open.spotify.com/artist/1g1yxsNVPhMUl9GrMjEb2o",NA,1265765,5
"172","neo mellow","permanent wave","pop rock","post-grunge",NA,NA,NA,NA,NA,"https://api.spotify.com/v1/artists/2sil8z5kiy4r76CRTXxBCA","2sil8z5kiy4r76CRTXxBCA","The Goo Goo Dolls",76,"artist","spotify:artist:2sil8z5kiy4r76CRTXxBCA","https://open.spotify.com/artist/2sil8z5kiy4r76CRTXxBCA",NA,2906685,4
"173","neo mellow",NA,NA,NA,NA,NA,NA,NA,NA,"https://api.spotify.com/v1/artists/3GBPw9NK25X1Wt2OUvOwY3","3GBPw9NK25X1Wt2OUvOwY3","Jack Johnson",77,"artist","spotify:artist:3GBPw9NK25X1Wt2OUvOwY3","https://open.spotify.com/artist/3GBPw9NK25X1Wt2OUvOwY3",NA,3879085,1
"174","neo mellow","pop rock","post-grunge",NA,NA,NA,NA,NA,NA,"https://api.spotify.com/v1/artists/3Ngh2zDBRPEriyxQDAMKd1","3Ngh2zDBRPEriyxQDAMKd1","Matchbox Twenty",70,"artist","spotify:artist:3Ngh2zDBRPEriyxQDAMKd1","https://open.spotify.com/artist/3Ngh2zDBRPEriyxQDAMKd1",NA,2541236,3
"175","lilith","neo mellow","piano rock","pop rock","post-teen pop",NA,NA,NA,NA,"https://api.spotify.com/v1/artists/5ILrArfIV0tMURcHJN8Q07","5ILrArfIV0tMURcHJN8Q07","Vanessa Carlton",64,"artist","spotify:artist:5ILrArfIV0tMURcHJN8Q07","https://open.spotify.com/artist/5ILrArfIV0tMURcHJN8Q07",NA,642306,5
